World Meteorological Organization Climate Normals for 1991-2020,,,,
Single Station Data Sheet For All Climatological Surface Parameters,,,,,,,
,,,,,,,,,,,,,,,,,,,,,,,,,,,,,,,,,,,,,,,,,,,,,,,,,,,,,,,,,,,,,,,,,,,,,,,,,
Station Header Record,,,,,,,,,,,,,,,,,,,,,,,,,,,,,,,,,,,,,,,,,,,,,,,,,,,
,,,,,,,,,,,,,,,,,,,,,,,,,,,,,,,,,,,,,,,,,,,,,,,,,,,,,,,,,,,,,,,,,,,,,,,
Country_Name,ZAMBIA,,,,,,,,,,,,,,,,,,,,,,,,,,,,,,,,,,,,,,,,,,,,,,,,,,,
Station_Name,MBALA,,,,,,,,,,,,,,,,,,,,,,,,,,,,,,,,,,,,,,,,,,,,,,,,,,,
,,,,,,,,,,,,,,,,,,,,,,,,,,,,,,,,,,,,,,,,,,,,,,,,,,,,,,,,,,,,,,,,,,,,
WMO_Number,Latitude,Longitude,Station_Height,,,,,,,,,,,,,,,,,,,,,,,
67413,08|51|S,31|20|E,1673,,,,,,,,,,,,,,,,,,,,,,,,,,,,,,,,,,,,,,,,
,,,,,,,,,,,,,,,,,,,,,,,,,,,,,,,,,,,,,,,,,,,,,,,,,,,,,,,,,,,,,,,,,
WMO Integrated Global Observing System (WIGOS) Station Identifier (if available),,,,,,,,,
,,,,,,,,,,,,,,,,,,,,,,,,,,,,,,,,,,,,,,,,,,,,,,,,,,,,,,,,,,,,,,,,,,,,,,,,,,,
,,,,,,,,,,,,,,,,,,,,,,,,,,,,,,,,,,,,,,,,,,,,,,,,,,,,,,,,,,,,,,,,,,,,,,,,,,
,,,,,,,,,,,,,,,,,,,,,,,,,,,,,,,,,,,,,,,,,,,,,,,,,,,,,,,,,,,,,,,,,,,,,,,,,
,,,,,,,,,,,,,,,,,,,,,,,,,,,,,,,,,,,,,,,,,,,,,,,,,,,,,,,,,,,,,,,,,,,,,,,,
,,,,,,,,,,,,,,,,,,,,,,,,,,,,,,,,,,,,,,,,,,,,,,,,,,,,,,,,,,,,,,,,,,,,,,,
,,,,,,,,,,,,,,,,,,,,,,,,,,,,,,,,,,,,,,,,,,,,,,,,,,,,,,,,,,,,,,,,,,,,,,
Parameter_Code,Parameter_Name,Units,,,,,,,,,,,,,,,,,,,,,,,,,,,,,,,,,,
1,Precipitation_Total,mm,,,,,,,,,,,,,,,,,,,,,,,,,,,,,,,,,,,,,,,,,,,,
,,,,,,,,,,,,,,,,,,,,,,,,,,,,,,,,,,,,,,,,,,,,,,,,,,,,,,,,,,,,,,,,,,,
WMO_Number,Parameter_Code,Calculation_Name,Calculation_Code,January,February,March,April,May,June,July,August,September,October,November,December,Annual,,,,,,,,,,,,,
67413,1,Sum,4,268.2,238.0,186.4,81.0,11.1,0.0,0.0,0.1,1.8,27.9,99.8,228.2,1142.5,,,,,,,,,,,,,,
67413,1,NOY,98,25,25,25,25,25,25,25,25,25,25,25,25,25,,,,,,,,,,,,,,,,,,,,,,,,,,,,,,,,,
,,,,,,,,,,,,,,,,,,,,,,,,,,,,,,,,,,,,,,,,,,,,,,,,,,,,,,,,,,,,,,,,,,,,,,,,,,,,,,,,,,,,,
,,,,,,,,,,,,,,,,,,,,,,,,,,,,,,,,,,,,,,,,,,,,,,,,,,,,,,,,,,,,,,,,,,,,,,,,,,,,,,,,,,,,
,,,,,,,,,,,,,,,,,,,,,,,,,,,,,,,,,,,,,,,,,,,,,,,,,,,,,,,,,,,,,,,,,,,,,,,,,,,,,,,,,,,
Parameter_Code,Parameter_Name,Units,,,,,,,,,,,,,,,,,,,,,,,,,,,,,,,,,,,,,,,,,,,,,,,
2,Number_of_Days_with_Precipitation_>=_1_mm,count,,,,,,,,,,,,,,,,,,,,,,,,,,,,,,,,
,,,,,,,,,,,,,,,,,
WMO_Number,Parameter_Code,Calculation_Name,Calculation_Code,January,February,March,April,May,June,July,August,September,October,November,December,Annual,,,,,,,,,,,,,,,,,,,,,,,,,
,,,,,,,,,,,,,,,,,
,,,,,,,,,,,,,,,,,
,,,,,,,,,,,,,,,,,
,,,,,,,,,,,,,,,,,
,,,,,,,,,,,,,,,,,,,,,,,,,,,,,,,,,,,,,,,,,,,,,,,,,,,,,,,,,,,,,,,,,,,,,,,,,
Parameter_Code,Parameter_Name,Units,,,,,,,,,,,,,,,,,,,,,,,,,,,,,,,,,,,,,
3,Daily_Maximum_Temperature,Deg_C,,,,,,,,,,,,,,,,,,,,,,,,,,,,,,,,,,,,,,
,,,,,,,,,,,,,,,,,,,,,,,,,,,,,,,,,,,,,,,,,,,,,,,,,,,,,,,,,,,,,,,,,,,,,,
WMO_Number,Parameter_Code,Calculation_Name,Calculation_Code,January,February,March,April,May,June,July,August,September,October,November,December,Annual,,,,,,,,,,,,,,,,
67413,3,Mean,1,24.6,25.1,25.9,26.0,26.5,25.9,25.5,27.1,29.0,29.2,27.0,25.3,26.4,,,,,,,,
67413,3,NOY,98,21.0,20.0,21.0,20.0,21.0,21.0,18.0,20.0,19.0,20.0,19.0,21.0,20.1,,,,,,,
,,,,,,,,,,,,,,,,,,,,,,,,,,,,,,,,,,,,,,,,,,,,,,,,,,,,,,,,,,,,,,,,,,,,,,,,,,,,,,,,,,,,,
,,,,,,,,,,,,,,,,,,,,,,,,,,,,,,,,,,,,,,,,,,,,,,,,,,,,,,,,,,,,,,,,,,,,,,,,,,,,,,,,,,,,
,,,,,,,,,,,,,,,,,,,,,,,,,,,,,,,,,,,,,,,,,,,,,,,,,,,,,,,,,,,,,,,,,,,,,,,,,,,,,,,,,,,
Parameter_Code,Parameter_Name,Units,,,,,,,,,,,,,,,,,,,,,,,,,,,,,,,,,,,,,,,,,,,,,,,
4,Daily_Minimum_Temperature,Deg_C,,,,,,,,,,,,,,,,,,,,,,,,,,,,,,,,,,,,,,,,,,,,,,,,
,,,,,,,,,,,,,,,,,,,,,,,,,,,,,,,,,,,,,,,,,,,,,,,,,,,,,,,,,,,,,,,,,,,,,,,,,,,,,,,,
WMO_Number,Parameter_Code,Calculation_Name,Calculation_Code,January,February,March,April,May,June,July,August,September,October,November,December,Annual,,,,,,,,,,,,,,,,,,,,,,,,,
67413,4,Mean,1,15.0,15.0,15.3,15.0,13.3,11.2,10.6,12.2,14.1,15.3,15.5,15.1,14.0,,,,,,,,,
67413,4,NOY,98,21.0,20.0,21.0,20.0,21.0,20.0,20.0,21.0,18.0,20.0,20.0,21.0,20.3,,,,,,,,
,,,,,,,,,,,,,,,,,,,,,,,,,,,,,,,,,,,,,,,,,,,,,,,,,,,,,,,,,,,,,,,,,,,,,,,,,,,,,,,,,,,,,,
,,,,,,,,,,,,,,,,,,,,,,,,,,,,,,,,,,,,,,,,,,,,,,,,,,,,,,,,,,,,,,,,,,,,,,,,,,,,,,,,,,,,,
,,,,,,,,,,,,,,,,,,,,,,,,,,,,,,,,,,,,,,,,,,,,,,,,,,,,,,,,,,,,,,,,,,,,,,,,,,,,,,,,,,,,
Parameter_Code,Parameter_Name,Units,,,,,,,,,,,,,,,,,,,,,,,,,,,,,,,,,,,,,,,,,,,,,,,,
5,Daily_Mean_Temperature,Deg_C,,,,,,,,,,,,,,,,,,,,,,,,,,,,,,,,,,,,,,,,,,,,,,,,,,,,
,,,,,,,,,,,,,,,,,,,,,,,,,,,,,,,,,,,,,,,,,,,,,,,,,,,,,,,,,,,,,,,,,,,,,,,,,,,,,,,,,
WMO_Number,Parameter_Code,Calculation_Name,Calculation_Code,January,February,March,April,May,June,July,August,September,October,November,December,Annual,,,,,,,,,,,,,,,,,,,,,,,,,,,
67413,5,Mean,1,19.8,20.1,20.6,20.5,19.9,18.6,18.1,19.7,21.6,22.3,21.3,20.2,20.2,,,,,,,,
67413,5,NOY,98,21.0,20.0,21.0,20.0,21.0,20.0,20.0,21.0,18.0,20.0,20.0,21.0,20.3,,,,,,,
,,,,,,,,,,,,,,,,,,,,,,,,,,,,,,,,,,,,,,,,,,,,,,,,,,,,,,,,,,,,,,,,,,,,,,,,,,,,,,,,,,,,,
,,,,,,,,,,,,,,,,,,,,,,,,,,,,,,,,,,,,,,,,,,,,,,,,,,,,,,,,,,,,,,,,,,,,,,,,,,,,,,,,,,,,
,,,,,,,,,,,,,,,,,,,,,,,,,,,,,,,,,,,,,,,,,,,,,,,,,,,,,,,,,,,,,,,,,,,,,,,,,,,,,,,,,,,
,,,,,,,,,,,,,,,,,,,,,,,,,,,,,,,,,,,,,,,,,,,,,,,,,,,,,,,,,,,,,,,,,,,,,,,,,,,,,,,,,,
Parameter_Code,Parameter_Name,Units,,,,,,,,,,,,,,,,,,,,,,,,,,,,,,,,,,,,,,,,,,,,,,
11,Boundaries_of_quintiles_of_monthly_precipitation,mm,,,,,,,,,,,,,,,,,,,,,,,,,,
,,,,,,,,,,,,,,,,,,,,,,,,,,,,,,,,,,,,,,,,,,,,,,,,,,,,,,,,,,,,,,,,,,,,,,,,,,,,,,,
WMO_Number,Parameter_Code,Calculation_Name,Calculation_Code,January,February,March,April,May,June,July,August,September,October,November,December,Annual,,,,,,,,,,,,,,,,,,,,,,,,,
67413,11,Q0,6,135.3,0.0,0.0,0.0,0.0,0.0,0.0,0.0,0.0,0.0,0.0,6.2,448.6,,,,,,,,,
67413,11,Q1,7,203.9,145.5,149.4,25.4,0.0,0.0,0.0,0.0,0.0,0.0,51.9,168.3,943.2,,,,
67413,11,Q2,8,231.8,190.8,170.6,61.5,0.0,0.0,0.0,0.0,0.0,4.1,92.3,214.9,1048.4,,,,,,
67413,11,Q3,9,274.9,237.7,217.7,103.4,3.4,0.0,0.0,0.0,0.0,10.7,110.0,232.9,1130.9,,,,,,
67413,11,Q4,10,304.1,269.3,226.0,127.2,17.4,0.0,0.0,0.0,3.6,30.3,138.1,297.7,1272.9,,,,,
67413,11,Q5,11,512.9,323.8,358.0,218.2,130.2,0.0,0.0,3.0,12.6,270.0,235.5,407.2,1682.2,,,,,,
67413,11,NOY,98,25.0,25.0,25.0,25.0,25.0,25.0,25.0,25.0,25.0,25.0,25.0,25.0,25.0,,,,,,,,,,,
,,,,,,,,,,,,,,,,,,,,,,,,,,,,,,,,,,,,,,,,,,,,,,,,,,,,,,,,,,,,,,,,,,,,,,,,,,,,,,,,,,,,,,,,,,
Parameter_Code,Parameter_Name,Units,,,,,,,,,,,,,,,,,,,,,,,,,,,,,,,,,,,,,,,,,,,,,,,,,,,,,,
12,Number_of_Days_with_Maximum_Temperature_>=_25_Deg_C,count,,,,,,,,,,,,,,,,,,,,,,,,,,,,,
,,,,,,,,,,,,,,,,,,,,,,,,,,,,,,,,,,,,,,,,,,,,,,,,,,,,,,,,,,,,,,,,,,,,,,,,,,,,,,,,,,,,,,,
WMO_Number,Parameter_Code,Calculation_Name,Calculation_Code,January,February,March,April,May,June,July,August,September,October,November,December,Annual,,,,,,,,,,,,,,,,,,,,,,,,,,,,,,,,,
67413,12,count,5,5,5.0,8.0,15.0,13.0,17.0,12.0,18.0,16.0,17.0,16.0,10.0,12.7,,,,,,,,,,
67413,12,NOY,98,21.0,20.0,21.0,20.0,21.0,21.0,18.0,20.0,19.0,20.0,19.0,21.0,20.1,,,,,
,,,,,,,,,,,,,,,,,,,,,,,,,,,,,,,,,,,,,,,,,,,,,,,,,,,,,,,,,,,,,,,,,,,,,,,,,,,,,,,,,,,,
,,,,,,,,,,,,,,,,,,,,,,,,,,,,,,,,,,,,,,,,,,,,,,,,,,,,,,,,,,,,,,,,,,,,,,,,,,,,,,,,,,,
,,,,,,,,,,,,,,,,,,,,,,,,,,,,,,,,,,,,,,,,,,,,,,,,,,,,,,,,,,,,,,,,,,,,,,,,,,,,,,,,,,
Parameter_Code,Parameter_Name,Units,,,,,,,,,,,,,,,,,,,,,,,,,,,,,,,,,,,,,,,,,,,,,,
12,Number_of_Days_with_Maximum_Temperature_>=_30_Deg_C,count,,,,,,,,,,,,,,,,,,,,,
,,,,,,,,,,,,,,,,,,,,,,,,,,,,,,,,,,,,,,,,,,,,,,,,,,,,,,,,,,,,,,,,,,,,,,,,,,,,,,,
WMO_Number,Parameter_Code,Calculation_Name,Calculation_Code,January,February,March,April,May,June,July,August,September,October,November,December,Annual,,,,,,,,,,,,,,,,,,,,,,,,,
67413,12,count,5,0.0,0.0,0.0,0.0,0.0,0.0,1.0,0.0,19.0,19.0,13.0,0.0,4.3,,,,,,,,
67413,12,NOY,98,21.0,20.0,21.0,20.0,21.0,21.0,18.0,20.0,19.0,20.0,19.0,21.0,20.1,,,,,,
,,,,,,,,,,,,,,,,,,,,,,,,,,,,,,,,,,,,,,,,,,,,,,,,,,,,,,,,,,,,,,,,,,,,,,,,,,,,,,,,,,,,,
,,,,,,,,,,,,,,,,,,,,,,,,,,,,,,,,,,,,,,,,,,,,,,,,,,,,,,,,,,,,,,,,,,,,,,,,,,,,,,,,,,,,
,,,,,,,,,,,,,,,,,,,,,,,,,,,,,,,,,,,,,,,,,,,,,,,,,,,,,,,,,,,,,,,,,,,,,,,,,,,,,,,,,,,
Parameter_Code,Parameter_Name,Units,,,,,,,,,,,,,,,,,,,,,,,,,,,,,,,,,,,,,,,,,,,,,,,
12,Number_of_Days_with_Maximum_Temperature_>=_35_Deg_C,count,,,,,,,,,,,,,,,,,,,,,,
,,,,,,,,,,,,,,,,,,,,,,,,,,,,,,,,,,,,,,,,,,,,,,,,,,,,,,,,,,,,,,,,,,,,,,,,,,,,,,,,
WMO_Number,Parameter_Code,Calculation_Name,Calculation_Code,January,February,March,April,May,June,July,August,September,October,November,December,Annual,,,,,,,,,,,,,,,,,,,,,,,,,,
67413,12,count,5,0.0,0.0,0.0,0.0,0.0,0.0,0.0,0.0,3.0,6.0,0.0,0.0,0.8,,,,,,,,,,,,
67413,12,NOY,98,21.0,20.0,21.0,20.0,21.0,21.0,18.0,20.0,19.0,20.0,19.0,21.0,20.1,,,,,,,
,,,,,,,,,,,,,,,,,,,,,,,,,,,,,,,,,,,,,,,,,,,,,,,,,,,,,,,,,,,,,,,,,,,,,,,,,,,,,,,,,,,,,,
,,,,,,,,,,,,,,,,,,,,,,,,,,,,,,,,,,,,,,,,,,,,,,,,,,,,,,,,,,,,,,,,,,,,,,,,,,,,,,,,,,,,,
,,,,,,,,,,,,,,,,,,,,,,,,,,,,,,,,,,,,,,,,,,,,,,,,,,,,,,,,,,,,,,,,,,,,,,,,,,,,,,,,,,,,
Parameter_Code,Parameter_Name,Units,,,,,,,,,,,,,,,,,,,,,,,,,,,,,,,,,,,,,,,,,,,,,,,,
12,Number_of_Days_with_Maximum_Temperature_>=_40_Deg_C,count,,,,,,,,,,,,,,,,,,,,,,,
,,,,,,,,,,,,,,,,,,,,,,,,,,,,,,,,,,,,,,,,,,,,,,,,,,,,,,,,,,,,,,,,,,,,,,,,,,,,,,,,,
WMO_Number,Parameter_Code,Calculation_Name,Calculation_Code,January,February,March,April,May,June,July,August,September,October,November,December,Annual,,,,,,,,,,,,,,,,,,,,,,,,,,,
67413,12,count,5,0.0,0.0,0.0,0.0,0.0,0.0,0.0,0.0,3.0,6.0,0.0,0.0,0.8,,,,,,,,,,,,
67413,12,NOY,98,21.0,20.0,21.0,20.0,21.0,21.0,18.0,20.0,19.0,20.0,19.0,21.0,20.1,,,,,,,,,
,,,,,,,,,,,,,,,,,,,,,,,,,,,,,,,,,,,,,,,,,,,,,,,,,,,,,,,,,,,,,,,,,,,,,,,,,,,,,,,,,,,,,,,,
,,,,,,,,,,,,,,,,,,,,,,,,,,,,,,,,,,,,,,,,,,,,,,,,,,,,,,,,,,,,,,,,,,,,,,,,,,,,,,,,,,,,,,,
,,,,,,,,,,,,,,,,,,,,,,,,,,,,,,,,,,,,,,,,,,,,,,,,,,,,,,,,,,,,,,,,,,,,,,,,,,,,,,,,,,,,,,
Parameter_Code,Parameter_Name,Units,,,,,,,,,,,,,,,,,,,,,,,,,,,,,,,,,,,,,,,,,,,,,,,,,,
14,Number_of_Days_with_Maximum_Temperature_<_0_Deg_C,count,,,,,,,,,,,,,,,,,,,,,,,,,,
,,,,,,,,,,,,,,,,,,,,,,,,,,,,,,,,,,,,,,,,,,,,,,,,,,,,,,,,,,,,,,,,,,,,,,,,,,,,,,,,,,,
WMO_Number,Parameter_Code,Calculation_Name,Calculation_Code,January,February,March,April,May,June,July,August,September,October,November,December,Annual,,,,,,,,,,,,,,,,,,,,,,,,,,,,,
67413,14,count,5,0.0,0.0,0.0,0.0,0.0,0.0,0.0,0.0,0.0,0.0,0.0,0.0,0.0,,,,,,,,,,,,,
67413,14,NOY,98,21.0,20.0,21.0,20.0,21.0,21.0,18.0,20.0,19.0,20.0,19.0,21.0,20.1,,,,,,,,,
,,,,,,,,,,,,,,,,,,,,,,,,,,,,,,,,,,,,,,,,,,,,,,,,,,,,,,,,,,,,,,,,,,,,,,,,,,,,,,,,,,,,,,,,
,,,,,,,,,,,,,,,,,,,,,,,,,,,,,,,,,,,,,,,,,,,,,,,,,,,,,,,,,,,,,,,,,,,,,,,,,,,,,,,,,,,,,,,
,,,,,,,,,,,,,,,,,,,,,,,,,,,,,,,,,,,,,,,,,,,,,,,,,,,,,,,,,,,,,,,,,,,,,,,,,,,,,,,,,,,,,,
Parameter_Code,Parameter_Name,Units,,,,,,,,,,,,,,,,,,,,,,,,,,,,,,,,,,,,,,,,,,,,,,,,,,
15,Number_of_Days_with_Minimum_Temperature_<_0_Deg_C,count,,,,,,,,,,,,,,,,,,,,,,,,,,
,,,,,,,,,,,,,,,,,,,,,,,,,,,,,,,,,,,,,,,,,,,,,,,,,,,,,,,,,,,,,,,,,,,,,,,,,,,,,,,,,,,
WMO_Number,Parameter_Code,Calculation_Name,Calculation_Code,January,February,March,April,May,June,July,August,September,October,November,December,Annual,,,,,,,,,,,,,,,,,,,,,,,,,,,,,
67413,15,count,5,0.0,0.0,0.0,0.0,0.0,0.0,0.0,0.0,0.0,0.0,0.0,0.0,0.0,,,,,,,,,,,,,,
67413,15,NOY,98,21.0,20.0,21.0,20.0,21.0,20.0,20.0,21.0,18.0,20.0,20.0,21.0,20.3,,,,,,,,
,,,,,,,,,,,,,,,,,,,,,,,,,,,,,,,,,,,,,,,,,,,,,,,,,,,,,,,,,,,,,,,,,,,,,,,,,,,,,,,,,,,,,,,
,,,,,,,,,,,,,,,,,,,,,,,,,,,,,,,,,,,,,,,,,,,,,,,,,,,,,,,,,,,,,,,,,,,,,,,,,,,,,,,,,,,,,,
,,,,,,,,,,,,,,,,,,,,,,,,,,,,,,,,,,,,,,,,,,,,,,,,,,,,,,,,,,,,,,,,,,,,,,,,,,,,,,,,,,,,,
Parameter_Code,Parameter_Name,Units,,,,,,,,,,,,,,,,,,,,,,,,,,,,,,,,,,,,,,,,,,,,,,,,,
16,Number_of_Days_with_Daily_Precipitation_>=_5_mm,count,,,,,,,,,,,,,,,,,,,,,,,,,,,,
,,,,,,,,,,,,,,,,,
WMO_Number,Parameter_Code,Calculation_Name,Calculation_Code,January,February,March,April,May,June,July,August,September,October,November,December,Annual,,,,,,,,,,,,,,,,,,,,,,,,,,,,
,,,,,,,,,,,,,,,,,
,,,,,,,,,,,,,,,,,
,,,,,,,,,,,,,,,,,
,,,,,,,,,,,,,,,,,
,,,,,,,,,,,,,,,,,,,,,,,,,,,,,,,,,,,,,,,,,,,,,,,,,,,,,,,,,,,,,,,,,,,,,,,,,,,,,,,,,,,,
Parameter_Code,Parameter_Name,Units,,,,,,,,,,,,,,,,,,,,,,,,,,,,,,,,,,,,,,,,,,,,,,,,
16,Number_of_Days_with_Daily_Precipitation_>=_10_mm,count,,,,,,,,,,,,,,,,,,,,,,,,,,
,,,,,,,,,,,,,,,,,
WMO_Number,Parameter_Code,Calculation_Name,Calculation_Code,January,February,March,April,May,June,July,August,September,October,November,December,Annual,,,,,,,,,,,,,,,,,,,,,,,,,,,
,,,,,,,,,,,,,,,,,
,,,,,,,,,,,,,,,,,
,,,,,,,,,,,,,,,,,
,,,,,,,,,,,,,,,,,
,,,,,,,,,,,,,,,,,,,,,,,,,,,,,,,,,,,,,,,,,,,,,,,,,,,,,,,,,,,,,,,,,,,,,,,,,,,,,,,,,,,,
Parameter_Code,Parameter_Name,Units,,,,,,,,,,,,,,,,,,,,,,,,,,,,,,,,,,,,,,,,,,,,,,,,
16,Number_of_Days_with_Daily_Precipitation_>=_50_mm,count,,,,,,,,,,,,,,,,,,,,,,,,,,
,,,,,,,,,,,,,,,,,
WMO_Number,Parameter_Code,Calculation_Name,Calculation_Code,January,February,March,April,May,June,July,August,September,October,November,December,Annual,,,,,,,,,,,,,,,,,,,,,,,,,,,
,,,,,,,,,,,,,,,,,
,,,,,,,,,,,,,,,,,
,,,,,,,,,,,,,,,,,
,,,,,,,,,,,,,,,,,
,,,,,,,,,,,,,,,,,,,,,,,,,,,,,,,,,,,,,,,,,,,,,,,,,,,,,,,,,,,,,,,,,,,,,,,,,,,,,,
Parameter_Code,Parameter_Name,Units,,,,,,,,,,,,,,,,,,,,,,,,,,,,,,,,,,,,,,,,,,
16,Number_of_Days_with_Daily_Precipitation_>=_100_mm,count,,,,,,,,,,,,,,,,,,,
,,,,,,,,,,,,,,,,,
WMO_Number,Parameter_Code,Calculation_Name,Calculation_Code,January,February,March,April,May,June,July,August,September,October,November,December,Annual,,,,,,,,,,,,,,,,,,,,,
,,,,,,,,,,,,,,,,,
,,,,,,,,,,,,,,,,,
,,,,,,,,,,,,,,,,,
,,,,,,,,,,,,,,,,,
,,,,,,,,,,,,,,,,,,,,,,,,,,,,,,,,,,,,,,,,,,,,,,,,,,,,,,,,,,,,,,,,,,,,,,,,,,,,,,,,,,,,
Parameter_Code,Parameter_Name,Units,,,,,,,,,,,,,,,,,,,,,,,,,,,,,,,,,,,,,,,,,,,,,,,,
16,Number_of_Days_with_Daily_Precipitation_>=_150_mm,count,,,,,,,,,,,,,,,,,,,,,,,,,
,,,,,,,,,,,,,,,,,
WMO_Number,Parameter_Code,Calculation_Name,Calculation_Code,January,February,March,April,May,June,July,August,September,October,November,December,Annual,,,,,,,,,,,,,,,,,,,,,,,,,,,
,,,,,,,,,,,,,,,,,
,,,,,,,,,,,,,,,,,
,,,,,,,,,,,,,,,,,
,,,,,,,,,,,,,,,,,
,,,,,,,,,,,,,,,,,,,,,,,,,,,,,,,,,,,,,,,,,,,,,,,,,,,,,,,,,,,,,,,,,,,,,,,,,,,,,,,,,,,,
,,,,,,,,,,,,,,,,,,,,,,,,,,,,,,,,,,,,,,,,,,,,,,,,,,,,,,,,,,,,,,,,,,,,,,,,,,,,,,,,,,,
,,,,,,,,,,,,,,,,,,,,,,,,,,,,,,,,,,,,,,,,,,,,,,,,,,,,,,,,,,,,,,,,,,,,,,,,,,,,,,,,,,
Parameter_Code,Parameter_Name,Units,,,,,,,,,,,,,,,,,,,,,,,,,,,,,,,,,,,,,,,,,,,,,,
20,Highest_Value_of_Mean_Daily_Temperature,Deg_C,,,,,,,,,,,,,,,,,,,,,,,,,,,,,,,,
,,,,,,,,,,,,,,,,,,,,,,,,,,,,,,,,,,,,,,,,,,,,,,,,,,,,,,,,,,,,,,,,,,,,,,,,,,,,,,,
WMO_Number,Parameter_Code,Calculation_Name,Calculation_Code,January,February,March,April,May,June,July,August,September,October,November,December,Annual,,,,,,,,,,,,,,,,,,,,,,,,,
67413,20,Max,2,26.5,28.8,29.0,29.7,29.0,28.4,27.5,29.5,31.8,32.5,29.4,29.1,29.3,,,,,,,,,,,,,,,,,
67413,20,MaxDate,15,2001,2001,2001,2001,2001,2001,2015,2000,2000,2000,1995,2012,,,,,,,,,,,,,,,,
,,,,,,,,,,,,,,,,,,,,,,,,,,,,,,,,,,,,,,,,,,,,,,,,,,,,,,,,,,,,,,,,,,,,,,,,,,,,,,,,,,,,,,,,,,,,,,
,,,,,,,,,,,,,,,,,,,,,,,,,,,,,,,,,,,,,,,,,,,,,,,,,,,,,,,,,,,,,,,,,,,,,,,,,,,,,,,,,,,,,,,,,,,,,
,,,,,,,,,,,,,,,,,,,,,,,,,,,,,,,,,,,,,,,,,,,,,,,,,,,,,,,,,,,,,,,,,,,,,,,,,,,,,,,,,,,,,,,,,,,,
Parameter_Code,Parameter_Name,Units,,,,,,,,,,,,,,,,,,,,,,,,,,,,,,,,,,,,,,,,,,,,,,,,,,,,,,,,
21,Lowest_Value_of_Mean_Daily_Temperature,Deg_C,,,,,,,,,,,,,,,,,,,,,,,,,,,,,,,,,,,,,,,,,,,
,,,,,,,,,,,,,,,,,,,,,,,,,,,,,,,,,,,,,,,,,,,,,,,,,,,,,,,,,,,,,,,,,,,,,,,,,,,,,,,,,,,,,,,,,
WMO_Number,Parameter_Code,Calculation_Name,Calculation_Code,January,February,March,April,May,June,July,August,September,October,November,December,Annual,,,,,,,,,,,,,,,,,,,,,,,,,,,,,,,,,,,
67413,21,Min,,15.8,16.0,16.8,15.7,14.5,12.5,11.6,13.2,15.0,16.3,16.1,15.7,14.9,,,,,,,,,,
67413,21,MinDate,16,1998,2010,1998,1998,2017,1997,2002,1997,1997,2004,1997,1995,,,,,,,,
,,,,,,,,,,,,,,,,,,,,,,,,,,,,,,,,,,,,,,,,,,,,,,,,,,,,,,,,,,,,,,,,,,,,,,,,,,,,,,,,,,,,,,
,,,,,,,,,,,,,,,,,,,,,,,,,,,,,,,,,,,,,,,,,,,,,,,,,,,,,,,,,,,,,,,,,,,,,,,,,,,,,,,,,,,,,
,,,,,,,,,,,,,,,,,,,,,,,,,,,,,,,,,,,,,,,,,,,,,,,,,,,,,,,,,,,,,,,,,,,,,,,,,,,,,,,,,,,,
Parameter_Code,Parameter_Name,Units,,,,,,,,,,,,,,,,,,,,,,,,,,,,,,,,,,,,,,,,,,,,,,,,
22,Highest_Value_of_Daily_Maximum_Temperature,Deg_C,,,,,,,,,,,,,,,,,,,,,,,,,,,,,,,
,,,,,,,,,,,,,,,,,,,,,,,,,,,,,,,,,,,,,,,,,,,,,,,,,,,,,,,,,,,,,,,,,,,,,,,,,,,,,,,,,
WMO_Number,Parameter_Code,Calculation_Name,Calculation_Code,January,February,March,April,May,June,July,August,September,October,November,December,Annual,,,,,,,,,,,,,,,,,,,,,,,,,,,
67413,22,Max,2,30.0,31.6,32.5,33.4,31.4,31.6,31.5,33.4,34.5,35.5,33.4,33.3,32.7,,,,,,,,,,,,
67413,22,MaxDate,15,2009/9,2001/16,2001/14,1994/22,2001/23,2001/12,2011/21,2000/31,2000/15,2000/4,1999/1,2005/29,,,,,,,
,,,,,,,,,,,,,,,,,,,,,,,,,,,,,,,,,,,,,,,,,,,,,,,,,,,,,,,,,,,,,,,,,,,,,,,,,,,,,,,,,,
,,,,,,,,,,,,,,,,,,,,,,,,,,,,,,,,,,,,,,,,,,,,,,,,,,,,,,,,,,,,,,,,,,,,,,,,,,,,,,,,,
,,,,,,,,,,,,,,,,,,,,,,,,,,,,,,,,,,,,,,,,,,,,,,,,,,,,,,,,,,,,,,,,,,,,,,,,,,,,,,,,
Parameter_Code,Parameter_Name,Units,,,,,,,,,,,,,,,,,,,,,,,,,,,,,,,,,,,,,,,,,,,,
23,Lowest_Value_of_Daily_Minimum_Temperature,Deg_C,,,,,,,,,,,,,,,,,,,,,,,,,,,,
,,,,,,,,,,,,,,,,,,,,,,,,,,,,,,,,,,,,,,,,,,,,,,,,,,,,,,,,,,,,,,,,,,,,,,,,,,,,,
WMO_Number,Parameter_Code,Calculation_Name,Calculation_Code,January,February,March,April,May,June,July,August,September,October,November,December,Annual,,,,,,,,,,,,,,,,,,,,,,,
67413,23,Min,2,11.0,10.4,12.0,10.0,9.0,7.0,5.4,5.5,9.9,11.2,10.5,9.4,9.3,,,,,,,,,,
67413,23,MinDate,16,2009/18,2003/24,2012/2,2012/23,2002/12,2006/19,1992/7,1998/11,2006/6,2016/7,2011/9,2008/12,,,,,,,
,,,,,,,,,,,,,,,,,,,,,,,,,,,,,,,,,,,,,,,,,,,,,,,,,,,,,,,,,,,,,,,,,,,,,,,,,,,,,,,,,,,,,,,,,,
,,,,,,,,,,,,,,,,,,,,,,,,,,,,,,,,,,,,,,,,,,,,,,,,,,,,,,,,,,,,,,,,,,,,,,,,,,,,,,,,,,,,,,,,,
Parameter_Code,Parameter_Name,Units,,,,,,,,,,,,,,,,,,,,,,,,,,,,,,,,,,,,,,,,,,,,,,,,,,,,,
24,Highest_Value_of_Daily_Precipitation,mm,,,,,,,,,,,,,,,,,,,,,,,,,,,,,,,,,,,,,,,,,,,,,
,,,,,,,,,,,,,,,,,,,,,,,,,,,,,,,,,,,,,,,,,,,,,,,,,,,,,,,,,,,,,,,,,,,,,,,,,,,,,,,,,,,,,,
WMO_Number,Parameter_Code,Calculation_Name,Calculation_Code,January,February,March,April,May,June,July,August,September,October,November,December,Annual,,,,,,,,,,,,,,,,,,,,,,,,,,,,,,,,
67413,24,Max,2,80.0,112.0,60.0,71.0,38.0,0.0,0.0,3.0,13.0,57.0,57.0,89.0,580.0,,,,,,,,,,
67413,24,MaxDate,15,2013/31,2022/23,2004/7,2007/10,2006/15,1991/2,1991/1,2000/2,1994/30,2008/22,2015/28,1992/28,,,,,,,,
,,,,,,,,,,,,,,,,,,,,,,,,,,,,,,,,,,,,,,,,,,,,,,,,,,,,,,,,,,,,,,,,,,,,,,,,,,,,,,,,,,
,,,,,,,,,,,,,,,,,,,,,,,,,,,,,,,,,,,,,,,,,,,,,,,,,,,,,,,,,,,,,,,,,,,,,,,,,,,,,,,,,
